[
  {
    "id": "rb_20250601193435",
    "type": "\u56de\u6eda",
    "description": "\u56de\u6eda\u5230\u4fdd\u5b58\u70b9: sp_test_20250601193435",
    "timestamp": "2025-06-01T19:34:35.580921",
    "status": "success"
  },
  {
    "id": "sp_20250601193437",
    "type": "\u521b\u5efa\u4fdd\u5b58\u70b9",
    "description": "Release v1.0.0-test \u6d4b\u8bd5\u901a\u8fc7",
    "timestamp": "2025-06-01T19:34:37.106754",
    "status": "success"
  },
  {
    "id": "rb_20250601193442",
    "type": "\u56de\u6eda",
    "description": "\u56de\u6eda\u5230\u4fdd\u5b58\u70b9: sp_test_20250601193442",
    "timestamp": "2025-06-01T19:34:42.615565",
    "status": "success"
  },
  {
    "id": "sp_20250601193444",
    "type": "\u521b\u5efa\u4fdd\u5b58\u70b9",
    "description": "Release v1.0.0-test \u6d4b\u8bd5\u901a\u8fc7",
    "timestamp": "2025-06-01T19:34:44.117059",
    "status": "success"
  },
  {
    "id": "rb_20250601193835",
    "type": "\u56de\u6eda",
    "description": "\u56de\u6eda\u5230\u4fdd\u5b58\u70b9: sp_test_20250601193835",
    "timestamp": "2025-06-01T19:38:35.724749",
    "status": "success"
  },
  {
    "id": "sp_20250601193837",
    "type": "\u521b\u5efa\u4fdd\u5b58\u70b9",
    "description": "Release v1.0.0-test \u6d4b\u8bd5\u901a\u8fc7",
    "timestamp": "2025-06-01T19:38:37.756055",
    "status": "success"
  },
  {
    "id": "rb_20250601193844",
    "type": "\u56de\u6eda",
    "description": "\u56de\u6eda\u5230\u4fdd\u5b58\u70b9: sp_test_20250601193844",
    "timestamp": "2025-06-01T19:38:44.766351",
    "status": "success"
  },
  {
    "id": "sp_20250601193846",
    "type": "\u521b\u5efa\u4fdd\u5b58\u70b9",
    "description": "Release v1.0.0-test \u6d4b\u8bd5\u901a\u8fc7",
    "timestamp": "2025-06-01T19:38:46.768340",
    "status": "success"
  },
  {
    "id": "rb_20250601194134",
    "type": "\u56de\u6eda",
    "description": "\u56de\u6eda\u5230\u4fdd\u5b58\u70b9: sp_test_20250601194134",
    "timestamp": "2025-06-01T19:41:34.455550",
    "status": "success"
  },
  {
    "id": "sp_20250601194136",
    "type": "\u521b\u5efa\u4fdd\u5b58\u70b9",
    "description": "Release v1.0.0-test \u6d4b\u8bd5\u901a\u8fc7",
    "timestamp": "2025-06-01T19:41:36.459077",
    "status": "success"
  },
  {
    "id": "rb_20250601194143",
    "type": "\u56de\u6eda",
    "description": "\u56de\u6eda\u5230\u4fdd\u5b58\u70b9: sp_test_20250601194143",
    "timestamp": "2025-06-01T19:41:43.464077",
    "status": "success"
  },
  {
    "id": "sp_20250601194145",
    "type": "\u521b\u5efa\u4fdd\u5b58\u70b9",
    "description": "Release v1.0.0-test \u6d4b\u8bd5\u901a\u8fc7",
    "timestamp": "2025-06-01T19:41:45.465904",
    "status": "success"
  },
  {
    "id": "rb_20250601194438",
    "type": "\u56de\u6eda",
    "description": "\u56de\u6eda\u5230\u4fdd\u5b58\u70b9: sp_test_20250601194438",
    "timestamp": "2025-06-01T19:44:38.563953",
    "status": "success"
  },
  {
    "id": "sp_20250601194440",
    "type": "\u521b\u5efa\u4fdd\u5b58\u70b9",
    "description": "Release v1.0.0-test \u6d4b\u8bd5\u901a\u8fc7",
    "timestamp": "2025-06-01T19:44:40.567113",
    "status": "success"
  },
  {
    "id": "rb_20250601194447",
    "type": "\u56de\u6eda",
    "description": "\u56de\u6eda\u5230\u4fdd\u5b58\u70b9: sp_test_20250601194447",
    "timestamp": "2025-06-01T19:44:47.573110",
    "status": "success"
  },
  {
    "id": "sp_20250601194449",
    "type": "\u521b\u5efa\u4fdd\u5b58\u70b9",
    "description": "Release v1.0.0-test \u6d4b\u8bd5\u901a\u8fc7",
    "timestamp": "2025-06-01T19:44:49.574799",
    "status": "success"
  }
]